pattern,idx,p_old,p_new,omega_old,sigma_now,samp_vol,vol_inf_current_impl,ratio_inf_to_sigma,ratio_inf_to_sample,omega_sigma_anchor,omega_sample_anchor,omega_ratio_old_to_sigma_anchor,omega_ratio_old_to_sample_anchor
JUMP,786,1.0,0.9800000000000001,3.740598260433974e-07,0.0201317583561437,0.016206446304950897,0.004324695515544413,0.21481956215834597,0.26685032820694715,8.105753890203197e-06,5.252978036705107e-06,0.04614744428590348,0.07120909766415542
JUMP,906,1.0,0.98,2.4279995819109487e-06,0.018590296019376115,0.01653123941119133,0.01101816586803572,0.5926837236239709,0.6665057346260822,6.911982121760635e-06,5.465637529402514e-06,0.35127399624877553,0.44422989428945353
JUMP,936,1.0,0.98,3.2090925773994137e-06,0.018022254838836526,0.0165809427896733,0.012667068677084314,0.7028570392750073,0.7639534637905773,6.496033389519337e-06,5.498553275888385e-06,0.4940080176584291,0.5836248948376207
JUMP,951,1.0,0.98,3.8115096398266955e-06,0.01696738417948247,0.016581479895308483,0.013804907895068863,0.8136143879951879,0.8325498075099307,5.757842517883045e-06,5.498909510370394e-06,0.6619683723527842,0.6931391819848225
JUMP,966,1.0,0.9799999999999999,3.899767314764088e-06,0.018452310320947952,0.016668050605713434,0.013963823464159204,0.7567520392450152,0.8377598433360118,6.80975512361129e-06,5.556478219892514e-06,0.5726736489014891,0.7018415551063792
